Okle,23/12/2000,Male,012345678,03,kjlfsd@sjlkfd.com,jklsdf,jlfkds
Ahi,12/12/2002,Female,123456789,3,djkslf@fdsjkl.com,fsdjkl,ljkfds
Okii,34/20/2001,Unknown,023145678,3,ljksdf@dfjk.com,fsdjkl,jklfsd
Vari,34/20/2001,Unknown,023145678,3,ljksdf@dfjk.com,fsdjkl,jklfsd
May,34/20/2001,Unknown,023145678,3,ljksdf@dfjk.com,fsdjkl,jklfsd
Ben,34/20/2001,Unknown,023145678,3,ljksdf@dfjk.com,fsdjkl,jklfsd
Kiet,34/20/2001,Unknown,023145678,3,ljksdf@dfjk.com,fsdjkl,jklfsd
Tam,34/20/2001,Unknown,023145678,3,ljksdf@dfjk.com,fsdjkl,jklfsd
Le,34/20/2001,Unknown,023145678,3,ljksdf@dfjk.com,fsdjkl,jklfsd
John,34/20/2001,Unknown,023145678,3,ljksdf@dfjk.com,fsdjkl,jklfsd
